Day,Location,GPS Coordinates,Google Maps,Description,Images,IsCamping
Day 0 - Thursday,Arrival & Grocery Shopping,"64.13139335265595, -21.9073740374073",,,,false
Day 1 - Friday,Geysir,"64.3104025984975, -20.30120466979657",https://maps.app.goo.gl/dg5yDsgHu5cAKFBy9,,,
Day 1 - Friday,Gullfoss Waterfall,"64.32710646064416, -20.120033630683448",https://maps.app.goo.gl/QSqst5Q2EqWtw74X8,,https://cdn.sanity.io/images/lf2d8f6r/production/fb67ff713cb228cdd0ec34a2fe9eebf9a0e20cd8-5468x3316.jpg;https://www.carsiceland.com/assets/img/blog/226/featured/gullfoss-waterfall-guide.webp
Day 1 - Friday,Friðheimar Greenhouse Restaurant,"64.1774772967535, -20.44497173068345",https://maps.app.goo.gl/PNFafqVsW3LtKuBs8,Restaurant all you can eat cu rosii in sera,https://traveladdicts.net/wp-content/uploads/2021/07/Fridheimar-tomato-restaurant-tables-in-greenhouse.jpg
Day 1 - Friday,Hrunalaug Hot Spring,"64.13281250850747, -20.2549532386331",https://maps.app.goo.gl/2St9GDau8Xe5rwBd9,Baita - au si dus,https://icelandtrippers.com/wp-content/uploads/2020/06/Hrunalaug-Hot-Springs-small-pool-1600x900.jpg;https://www.motorhomeiceland.com/assets/img/blog/216/hrunalaug-hot-spring-iceland.webp
Day 1 - Friday,Secret Lagoon,"64.1369552996396, -20.309203993286946",https://maps.app.goo.gl/kUKwidZ7ihtrnVyJ9
Day 2 - Saturday,Seljalandsfoss Waterfall,"63.61564737797214, -19.987795908507234",https://maps.app.goo.gl/Q3p31C3ZsnATzVCQ6,,https://www.motorhomeiceland.com/assets/img/blog/seljalandsfoss-waterfall-discovering-southern-icelands-beauty.webp;https://www.onegirlwholeworld.com/wp-content/uploads/2018/12/seljalandsfoss_iceland_IMG_2911.jpg
Day 2 - Saturday,Gljúfrabúi Waterfall,"63.62074448581113, -19.986045310292873",https://maps.app.goo.gl/kUKwidZ7ihtrnVyJ9,,,
Day 2 - Saturday,Drangshlíð,"63.52432687506832, -19.5544554997463",https://maps.app.goo.gl/tkdtnWjtb8nwRXa88,,https://catbirdineurope.wordpress.com/wp-content/uploads/2016/12/p8245082.jpg?w=760&h=570
Day 2 - Saturday,Skógafoss Waterfall,"63.53191569984748, -19.511539992050345",https://maps.app.goo.gl/aMXVpeZ5WesdCuJP7,Putem urca peste sa il vedem de sus,https://adventures.is/media/226157/social-media-skogafoss-waterfall.jpg;https://encrypted-tbn0.gstatic.com/images?q=tbn:ANd9GcSpT9cG7C4k9KR1AVUlzZofVq42vwz0Ju-u5A&s
Day 2 - Saturday,Kvernufoss Waterfall,"63.52893213533351, -19.47976193124103",https://maps.app.goo.gl/UPgpPBuxNE4osFXF7,Unul mai putin faimos dar foarte fain - o plimbarica scurta de cateva minute pana la el cam 30min,https://www.adventurouskate.com/wp-content/uploads/2022/09/Kvernufoss-scaled.jpeg
Day 2 - Saturday,Sólheimasandur Plane Wreckage,"63.45911358806884, -19.36448859260793",https://maps.app.goo.gl/obTzJeJ4uWLeKqh1A,???,https://fernwehmotive.de/wp-content/uploads/2020/07/flugzeugwrack-solheimasandur_21.jpg
Day 2 - Saturday,Dyrhólaey Viewpoint,"63.40144879261927, -19.1282708386331",https://maps.app.goo.gl/it4517kx2KPG7cR86,,https://bustravel.is/wp-content/uploads/2023/07/Dyrholaey-Arch-South-Iceland-7340.jpg;https://www.reddit.com/media?url=https%3A%2F%2Fpreview.redd.it%2Fs025hj0beod11.jpg%3Fwidth%3D1080%26crop%3Dsmart%26auto%3Dwebp%26s%3Db23be59ee101692dd5458f269afe76f2cce46837
Day 3 - Sunday,Reynisfjara Beach,"63.405649951971434, -19.07190323527013",https://maps.app.goo.gl/fAVNDXQ1voKgnEXn6,Ei au venit dupa rasarit ca sa fie primii ca sunt foarte multi turisti,https://www.travelreykjavik.com/media/j4cbqflt/reynisfjara-black-sand-beach-iceland-travel-reykjavik.jpg;https://rumbomundo.com/wp-content/uploads/2023/05/reynisfjara-IMG_8251-1.jpg
Day 3 - Sunday,Eldhraun Moss Field,"63.73078449010918, -18.205607481347887",https://maps.app.goo.gl/Kg41CBRR2CsG76t39,,https://thumbs.dreamstime.com/b/landscape-eldhraun-lava-moss-field-iceland-impressive-lava-field-biggest-lava-flow-world-369580629.jpg
Day 3 - Sunday,Fjaðrárgljúfur,"63.77131210958255, -18.171665604449036",https://maps.app.goo.gl/UejF8Cjx4erwZVUP7,,https://gti.images.tshiftcdn.com/8973986/x/0/fjadrargljufur-canyon-2.jpg?ixlib=php-3.3.0&w=883;https://hotelranga.is/wp-content/uploads/2023/05/AdobeStock_295452167-1.jpg
Day 3 - Sunday,Svartifoss Waterfall,"64.02749528715256, -16.97515809776221",https://maps.app.goo.gl/zeQbWg89h88U59d8A,hike de ~40 de min,https://www.campervaniceland.com/assets/img/blog/294/svartifoss-hike.jpg;https://www.glacierguides.is/media/1606/svartifoss.jpg?crop=0.041689623507805321,0,0.020293847566574978,0&cropmode=percentage&quality=85
Day 3 - Sunday,Svínafellsjökull Glacier,"64.00176812576703, -16.878176113236602",https://maps.app.goo.gl/5LvbwY61XqpNwYQN9,,https://images.prismic.io/perlan/f50c540a-993a-4682-93c2-aec86cbbab70_10366-157-884.png?auto=compress,format
Day 3 - Sunday,Diamond Beach,"64.04527273403204, -16.17646057043172",https://maps.app.goo.gl/i2ALgyFXh9qmtKEX9,mal cu gheata care arata ca diamantele cand bate soarele,https://sp-ao.shortpixel.ai/client/to_webp/https://www.undernorthernskies.com/wp-content/uploads/2024/05/Sunset-at-Diamond-Beach-1024x655.jpg;https://icelanddiscover.is/wp-content/uploads/2023/02/Diamond-Beach-e16044072834091.jpg
Day 3 - Sunday,Vestrahorn Mountain,"64.25539879743866, -14.993738176267641",https://maps.app.goo.gl/koCLUysQ6cM4ytjH9,Sunrise here - black sand beach - lighthouse - mountains - coffee shop - viking village (cred ca e gratuit) - camping - dormim aici la rasarit e foarte frumos nisipul pe plaja,https://www.carsiceland.com/assets/img/blog/203/vestrahorn-mountain-iceland-photography.jpg;https://www.campervaniceland.com/assets/img/blog/493/vestrahorn-iceland.jpg,
Day 4 - Monday,Seyðisfjörður Port Town,"65.2594909257396, -14.00973579079168",https://maps.app.goo.gl/WVMi4wRh5EPm8Fwp9,Vrem?,https://upload.wikimedia.org/wikipedia/commons/8/85/Sey%C3%B0isfj%C3%B6r%C3%B0ur_Sept_2019_2.jpg;https://imageio.forbes.com/specials-images/imageserve/64d4cb92a3a2e13991d9d11b/0x0.jpg?format=jpg;
Day 4 - Monday,Stuðlagil Canyon,"65.16395075431502, -15.311851357238435",https://maps.app.goo.gl/u3or8o6u7C3bWe8y9,,https://e498rczdjg6.exactdn.com/wp-content/uploads/2021/01/Studlagil-Canyon-11-scaled.jpg?strip=all&lossy=1&ssl=1;https://upload.wikimedia.org/wikipedia/commons/b/bf/Stu%C3%B0lagil_canyon_jokuldalur_iceland-12.jpg
Day 5 - Tuesday,Dettifoss Waterfall,"65.81547457443595, -16.38543426374073",https://maps.app.goo.gl/xJQS5wJtRKTWgH5Z6,"Cred ca e cea mai puternica cascada din Europa - parcare West Side, nu East Side",https://cdn.sanity.io/images/a4mln02c/production/0983e7dfcbdd21d25220f357745214c337c5e58d-6000x4800.jpg?;https://gti.images.tshiftcdn.com/372051/x/0/dettifoss-1?ixlib=php-3.3.0&w=883
Day 5 - Tuesday,Víti Crater,"65.71759361945026, -16.75803331754194",https://maps.app.goo.gl/UAeBa1oHzbZqqGqbA,,https://encrypted-tbn0.gstatic.com/images?q=tbn:ANd9GcTpKQn_NvnitYew6NuRjnEWyguGxjw3iGCnQA&s
Day 5 - Tuesday,Hverir Geothermal Area,"65.64145488522296, -16.809631778823786",https://maps.app.goo.gl/A11GeSjXU6GKKUJG7
Day 5 - Tuesday,Mývatn Nature Baths,"65.63111709566162, -16.846575377823786",https://maps.app.goo.gl/3CbTnEXcoCc7tERx9,Mai micut decat blue lagoon dar mai ieftin nu e asa aproape de capitala...so less hyped cafea si supa in pret,https://images.musement.com/cover/0112/10/thumb_11109589_cover_header.jpeg?q=50&fit=crop&auto=format&w=1024&h=400&dpr=1;https://www.motorhomeiceland.com/assets/img/blog/myvatn-natural-baths.webp
Day 5 - Tuesday,Goðafoss Waterfall,"65.6827404758454, -17.549469693165513",https://maps.app.goo.gl/g3GUNFJ1htc5yaMa6,Waterfall of the GODS,https://static.voyage-islande.fr/posts/364/364-4-1115x743.jpg;https://images.world-of-waterfalls.com/Godafoss_005_08132021.jpg
Day 6 - Tuesday,Baita,"65.69354081491937, -18.06036846232107",https://maps.app.goo.gl/94YzWaCJA2ckArhv7,,
Day 6 - Wednesday,Grafarkirkja,"65.86976364446743, -19.36840007038467",https://maps.app.goo.gl/YGPW3QfYaUcZ8ZBx9,Cea mai veche biserica din Islanda,https://blog.parrikar.com/wp-content/uploads/2023/06/27-32930-post/Grafarkirkja-Church-Skagafjordur-Iceland-2.jpg
Day 6 - Wednesday,Fosslaug Hot Spring,"65.49421407491928, -19.383782019037763",https://maps.app.goo.gl/ncsWTaFduJrdELqx9,Nu e musai...doar daca vom avea chef,https://d6qyz3em3b312.cloudfront.net/upload/images/media/2018/10/04/22291152_10211718791739132_6447871199906352276_o.2048x1024.jpg
Day 6 - Wednesday,Kolugljúfur Canyon,"65.33341296429086, -20.571252895745026","https://maps.app.goo.gl/8M7VPjWcWkxrrnCi6",Nu mi se pare asa wow...mai ales ca deja la punctul asta am vazut cateva canioane impresionante,https://t3.ftcdn.net/jpg/05/33/61/32/360_F_533613231_LtNtTfdnzBW8WzVFjq981N4VFS8jXRvV.jpg;https://images.squarespace-cdn.com/content/v1/5a87961cbe42d637c54cab93/da90cbf8-42f8-4bfb-996d-9f3cd28e4bb8/kolugljufur-canyon-hike.jpg
Day 7 - Thursday,Kirkjufell Mountain,"64.94141172922522, -23.306429415899306",https://maps.app.goo.gl/9uhMDDfpkYbReGPd9,,https://yourdaytours.is/media/100311/aerial-drone-view-kirkjufell-mountain-seaside-fjord-snaefellsnes.jpg?anchor=center&mode=crop&width=970&height=645&rnd=132755530450000000&format=jpg&quality=80
Day 7 - Thursday,Búðakirkja Black Church,"64.82171488663356, -23.38325412384896",https://maps.app.goo.gl/czbeJuRS7DDUBjMw6,Sincer ma gandesc sa dam skip la peninsula asta si mai bine sa ne duce in fjorudri la nord...but we shall see,https://dynamic-media-cdn.tripadvisor.com/media/photo-o/15/5e/8b/6f/the-budir-black-church.jpg?w=1200&h=-1&s=1
Day 7 - Thursday,Þingvellir National Park,"64.31007539683398, -21.108504743889053",https://maps.app.goo.gl/LNBHJBp4PHqJwDA79,,https://intotheglacier.is/wp-content/uploads/2019/10/%C3%9Eingvellir-1024x684.jpg;https://whc.unesco.org/uploads/thumbs/site_1152_0001-1200-630-20151105103412.jpg
Day 8 - Friday,Reykjavík City Center,"64.13139335265595, -21.9073740374073",https://maps.app.goo.gl/gKfrfSPpmkGcxSrX6,,
Day 9 - Extra,Thakgil hike - Remundargil Loop,"63.548062339136884, -18.91464994479049",https://maps.app.goo.gl/cMsg7QYSvVa42UhNA,Scrie ca e un hike foarte fain de 12km cam 3-5ore: Thakgil is a hidden gem in Southern Iceland close to the famous tourist attractions of Vik and Reynisfara. It’s a short 30 minute detour from the Ring Road but if you have the time I highly recommend spending at least 1 day here.,https://charlieswanderings.com/wp-content/uploads/2024/05/BEST-HIKES-IN-EUROPE-13-819x1024.jpg,
Day 9 - Extra,Geosea - Thermal Baths,"66.0482862360595, -17.360293995519307",https://maps.app.goo.gl/qJSKD4HKjq9jmNka8
Day 9 - Extra,Volcano,"63.86625916144968, -22.316893694992583",https://maps.app.goo.gl/5bwRBwubj1CP7mxy5
Camping,Vogar Campsite - Day 0,"63.98521064296539, -22.380937387548883",https://maps.app.goo.gl/i3WJiD3HMaQ9Zu7r6,,,true
Camping,Smáratún Farmhouse Cottages & Chalets - Day 1,"63.72421006296093, -20.012834266849367",https://maps.app.goo.gl/ZjsztuP4XCXAuKog8,,,true
Camping,Vik Campsite - Day 2,"63.41926738798024, -18.995528637300325",https://maps.app.goo.gl/j9duCyHCssafDwjK7,Are spalatorie de haine,,true
Camping,Vestrahorn Camping - Day 3,"64.2558624294253, -14.993136879701254",https://maps.app.goo.gl/1nrY9PKhXvA1nrSY9,,,true
Camping,Möðrudalur/Fjalladýrð,"65.37281348263885, -15.882285205288412",https://maps.app.goo.gl/uBGb2ZtDbvNy5ZEd9,,,true
Camping,Asbirgi,"66.02800348682813, -16.493829160741782",https://maps.app.goo.gl/jAKqYYgfCgVgGG4Q6,"https://parka.is/asbyrgi/",,true
Camping,Myvatn,"65.64021245801236, -16.915072126098387",https://maps.app.goo.gl/ZkUM4wKVSETdSgEh9,"https://myvatnaccommodation.is/accommodation/camping/",,true
Camping,Saeberg,"65.25884762703706, -21.109707805562312",https://maps.app.goo.gl/ANf3vPUjHwF3A3m87,,,true
Camping,Fossatun,"64.59331719635153, -21.576628597120692",https://maps.app.goo.gl/x7PVSahzaXHk4cz78,,,true
Camping,Reykjavík,"64.14615867859834, -21.87616930370821",https://maps.app.goo.gl/FJ1GP17T9hn7jhqHA,,,true